Nome Utente,Nome Immagine,Nome Photoshopper
admin,0088.png,E
admin,0097.png,E
admin,0034.png,C
admin,0047.png,B
admin,0052.png,A
admin,0083.png,A
admin,0076.png,B
admin,0018.png,C
admin,0018.png,C
admin,0014.png,B
admin,0074.png,A
admin,0029.png,C
admin,0007.png,C
admin,0033.png,C
admin,0033.png,C
admin,0035.png,C
admin,0043.png,E
admin,0011.png,B
admin,0011.png,B
admin,0081.png,C
admin,0036.png,D
admin,0002.png,E
admin,0026.png,A
admin,0012.png,C
admin,0080.png,C
admin,0006.png,E
admin,0061.png,D
admin,0056.png,C
admin,0003.png,A
admin,0089.png,D
admin,0095.png,B
admin,0078.png,A
admin,0093.png,C
admin,0099.png,D
admin,0040.png,A
admin,0086.png,A
admin,0015.png,C
admin,0042.png,D
admin,0022.png,D
admin,0022.png,D
admin,0060.png,A
admin,0060.png,A
admin,0094.png,B
admin,0064.png,A
